id,name,model_id:id,group_id:id,perm_read,perm_write,perm_create,perm_unlink
access_kennel_booking_view,kennel.booking view,model_kennel_booking,group_kennel_booking_view,1,0,0,0
access_kennel_booking_create,kennel.booking create,model_kennel_booking,group_kennel_booking_create,1,0,1,0
access_kennel_booking_own,kennel.booking own,model_kennel_booking,group_kennel_booking_own,1,1,1,0
access_kennel_booking_update,kennel.booking update,model_kennel_booking,group_kennel_booking_update,1,1,0,0
access_kennel_booking_delete,kennel.booking delete,model_kennel_booking,group_kennel_booking_delete,1,0,0,1
access_kennel_booking_line_view,kennel.booking.line view,model_kennel_booking_line,group_kennel_booking_view,1,0,0,0
access_kennel_booking_line_create,kennel.booking.line create,model_kennel_booking_line,group_kennel_booking_create,1,0,1,0
access_kennel_booking_line_own,kennel.booking.line own,model_kennel_booking_line,group_kennel_booking_own,1,1,1,0
access_kennel_booking_line_update,kennel.booking.line update,model_kennel_booking_line,group_kennel_booking_update,1,1,0,0
access_kennel_booking_line_delete,kennel.booking.line delete,model_kennel_booking_line,group_kennel_booking_delete,1,0,0,1
access_kennel_resident_view,kennel.resident view,model_kennel_resident,group_kennel_resident_view,1,0,0,0
access_kennel_resident_create,kennel.resident create,model_kennel_resident,group_kennel_resident_create,1,0,1,0
access_kennel_resident_own,kennel.resident own,model_kennel_resident,group_kennel_resident_own,1,1,1,0
access_kennel_resident_update,kennel.resident update,model_kennel_resident,group_kennel_resident_update,1,1,0,0
access_kennel_resident_delete,kennel.resident delete,model_kennel_resident,group_kennel_resident_delete,1,0,0,1
access_kennel_task_view,kennel.task view,model_kennel_task,group_kennel_task_view,1,0,0,0
access_kennel_task_create,kennel.task create,model_kennel_task,group_kennel_task_create,1,0,1,0
access_kennel_task_own,kennel.task own,model_kennel_task,group_kennel_task_own,1,1,1,0
access_kennel_task_update,kennel.task update,model_kennel_task,group_kennel_task_update,1,1,0,0
access_kennel_task_delete,kennel.task delete,model_kennel_task,group_kennel_task_delete,1,0,0,1
access_kennel_medication_view,kennel.medication view,model_kennel_medication,group_kennel_medication_view,1,0,0,0
access_kennel_medication_create,kennel.medication create,model_kennel_medication,group_kennel_medication_create,1,0,1,0
access_kennel_medication_own,kennel.medication own,model_kennel_medication,group_kennel_medication_own,1,1,1,0
access_kennel_medication_update,kennel.medication update,model_kennel_medication,group_kennel_medication_update,1,1,0,0
access_kennel_medication_delete,kennel.medication delete,model_kennel_medication,group_kennel_medication_delete,1,0,0,1
access_kennel_medication_administration_view,kennel.medication.administration view,model_kennel_medication_administration,group_kennel_medication_view,1,0,0,0
access_kennel_medication_administration_create,kennel.medication.administration create,model_kennel_medication_administration,group_kennel_medication_create,1,0,1,0
access_kennel_medication_administration_own,kennel.medication.administration own,model_kennel_medication_administration,group_kennel_medication_own,1,1,1,0
access_kennel_medication_administration_update,kennel.medication.administration update,model_kennel_medication_administration,group_kennel_medication_update,1,1,0,0
access_kennel_medication_administration_delete,kennel.medication.administration delete,model_kennel_medication_administration,group_kennel_medication_delete,1,0,0,1
access_kennel_observation_view,kennel.observation view,model_kennel_observation,group_kennel_observation_view,1,0,0,0
access_kennel_observation_create,kennel.observation create,model_kennel_observation,group_kennel_observation_create,1,0,1,0
access_kennel_observation_own,kennel.observation own,model_kennel_observation,group_kennel_observation_own,1,1,1,0
access_kennel_observation_update,kennel.observation update,model_kennel_observation,group_kennel_observation_update,1,1,0,0
access_kennel_observation_delete,kennel.observation delete,model_kennel_observation,group_kennel_observation_delete,1,0,0,1
access_kennel_yard_view,kennel.yard view,model_kennel_yard,group_kennel_yard_view,1,0,0,0
access_kennel_yard_create,kennel.yard create,model_kennel_yard,group_kennel_yard_create,1,0,1,0
access_kennel_yard_own,kennel.yard own,model_kennel_yard,group_kennel_yard_own,1,1,1,0
access_kennel_yard_update,kennel.yard update,model_kennel_yard,group_kennel_yard_update,1,1,0,0
access_kennel_yard_delete,kennel.yard delete,model_kennel_yard,group_kennel_yard_delete,1,0,0,1
access_kennel_diet_view,kennel.diet view,model_kennel_diet,group_kennel_diet_view,1,0,0,0
access_kennel_diet_create,kennel.diet create,model_kennel_diet,group_kennel_diet_create,1,0,1,0
access_kennel_diet_own,kennel.diet own,model_kennel_diet,group_kennel_diet_own,1,1,1,0
access_kennel_diet_update,kennel.diet update,model_kennel_diet,group_kennel_diet_update,1,1,0,0
access_kennel_diet_delete,kennel.diet delete,model_kennel_diet,group_kennel_diet_delete,1,0,0,1
access_kennel_diet_internal_read,kennel.diet internal read,model_kennel_diet,base.group_user,1,0,0,0
access_kennel_species_view,kennel.species view,model_kennel_species,group_kennel_species_view,1,0,0,0
access_kennel_species_create,kennel.species create,model_kennel_species,group_kennel_species_create,1,0,1,0
access_kennel_species_own,kennel.species own,model_kennel_species,group_kennel_species_own,1,1,1,0
access_kennel_species_update,kennel.species update,model_kennel_species,group_kennel_species_update,1,1,0,0
access_kennel_species_delete,kennel.species delete,model_kennel_species,group_kennel_species_delete,1,0,0,1
access_kennel_species_internal_read,kennel.species internal read,model_kennel_species,base.group_user,1,0,0,0
access_kennel_sex_view,kennel.sex view,model_kennel_sex,group_kennel_sex_view,1,0,0,0
access_kennel_sex_create,kennel.sex create,model_kennel_sex,group_kennel_sex_create,1,0,1,0
access_kennel_sex_own,kennel.sex own,model_kennel_sex,group_kennel_sex_own,1,1,1,0
access_kennel_sex_update,kennel.sex update,model_kennel_sex,group_kennel_sex_update,1,1,0,0
access_kennel_sex_delete,kennel.sex delete,model_kennel_sex,group_kennel_sex_delete,1,0,0,1
access_kennel_sex_internal_read,kennel.sex internal read,model_kennel_sex,base.group_user,1,0,0,0
access_kennel_yard_type_view,kennel.yard.type view,model_kennel_yard_type,group_kennel_yard_type_view,1,0,0,0
access_kennel_yard_type_create,kennel.yard.type create,model_kennel_yard_type,group_kennel_yard_type_create,1,0,1,0
access_kennel_yard_type_own,kennel.yard.type own,model_kennel_yard_type,group_kennel_yard_type_own,1,1,1,0
access_kennel_yard_type_update,kennel.yard.type update,model_kennel_yard_type,group_kennel_yard_type_update,1,1,0,0
access_kennel_yard_type_delete,kennel.yard.type delete,model_kennel_yard_type,group_kennel_yard_type_delete,1,0,0,1
access_kennel_yard_type_internal_read,kennel.yard.type internal read,model_kennel_yard_type,base.group_user,1,0,0,0
access_kennel_yard_feature_view,kennel.yard.feature view,model_kennel_yard_feature,group_kennel_yard_feature_view,1,0,0,0
access_kennel_yard_feature_create,kennel.yard.feature create,model_kennel_yard_feature,group_kennel_yard_feature_create,1,0,1,0
access_kennel_yard_feature_own,kennel.yard.feature own,model_kennel_yard_feature,group_kennel_yard_feature_own,1,1,1,0
access_kennel_yard_feature_update,kennel.yard.feature update,model_kennel_yard_feature,group_kennel_yard_feature_update,1,1,0,0
access_kennel_yard_feature_delete,kennel.yard.feature delete,model_kennel_yard_feature,group_kennel_yard_feature_delete,1,0,0,1
access_kennel_yard_feature_internal_read,kennel.yard.feature internal read,model_kennel_yard_feature,base.group_user,1,0,0,0
access_kennel_frequency_view,kennel.frequency view,model_kennel_frequency,group_kennel_frequency_view,1,0,0,0
access_kennel_frequency_create,kennel.frequency create,model_kennel_frequency,group_kennel_frequency_create,1,0,1,0
access_kennel_frequency_own,kennel.frequency own,model_kennel_frequency,group_kennel_frequency_own,1,1,1,0
access_kennel_frequency_update,kennel.frequency update,model_kennel_frequency,group_kennel_frequency_update,1,1,0,0
access_kennel_frequency_delete,kennel.frequency delete,model_kennel_frequency,group_kennel_frequency_delete,1,0,0,1
access_kennel_frequency_internal_read,kennel.frequency internal read,model_kennel_frequency,base.group_user,1,0,0,0
access_kennel_feed_consumption_view,kennel.feed.consumption view,model_kennel_feed_consumption,group_kennel_feed_consumption_view,1,0,0,0
access_kennel_feed_consumption_create,kennel.feed.consumption create,model_kennel_feed_consumption,group_kennel_feed_consumption_create,1,0,1,0
access_kennel_feed_consumption_own,kennel.feed.consumption own,model_kennel_feed_consumption,group_kennel_feed_consumption_own,1,1,1,0
access_kennel_feed_consumption_update,kennel.feed.consumption update,model_kennel_feed_consumption,group_kennel_feed_consumption_update,1,1,0,0
access_kennel_feed_consumption_delete,kennel.feed.consumption delete,model_kennel_feed_consumption,group_kennel_feed_consumption_delete,1,0,0,1
access_kennel_feed_consumption_internal_read,kennel.feed.consumption internal read,model_kennel_feed_consumption,base.group_user,1,0,0,0
access_kennel_medication_route_view,kennel.medication.route view,model_kennel_medication_route,group_kennel_medication_route_view,1,0,0,0
access_kennel_medication_route_create,kennel.medication.route create,model_kennel_medication_route,group_kennel_medication_route_create,1,0,1,0
access_kennel_medication_route_own,kennel.medication.route own,model_kennel_medication_route,group_kennel_medication_route_own,1,1,1,0
access_kennel_medication_route_update,kennel.medication.route update,model_kennel_medication_route,group_kennel_medication_route_update,1,1,0,0
access_kennel_medication_route_delete,kennel.medication.route delete,model_kennel_medication_route,group_kennel_medication_route_delete,1,0,0,1
access_kennel_medication_route_internal_read,kennel.medication.route internal read,model_kennel_medication_route,base.group_user,1,0,0,0
access_kennel_dose_outcome_view,kennel.dose.outcome view,model_kennel_dose_outcome,group_kennel_dose_outcome_view,1,0,0,0
access_kennel_dose_outcome_create,kennel.dose.outcome create,model_kennel_dose_outcome,group_kennel_dose_outcome_create,1,0,1,0
access_kennel_dose_outcome_own,kennel.dose.outcome own,model_kennel_dose_outcome,group_kennel_dose_outcome_own,1,1,1,0
access_kennel_dose_outcome_update,kennel.dose.outcome update,model_kennel_dose_outcome,group_kennel_dose_outcome_update,1,1,0,0
access_kennel_dose_outcome_delete,kennel.dose.outcome delete,model_kennel_dose_outcome,group_kennel_dose_outcome_delete,1,0,0,1
access_kennel_dose_outcome_internal_read,kennel.dose.outcome internal read,model_kennel_dose_outcome,base.group_user,1,0,0,0
access_kennel_observation_type_view,kennel.observation.type view,model_kennel_observation_type,group_kennel_observation_type_view,1,0,0,0
access_kennel_observation_type_create,kennel.observation.type create,model_kennel_observation_type,group_kennel_observation_type_create,1,0,1,0
access_kennel_observation_type_own,kennel.observation.type own,model_kennel_observation_type,group_kennel_observation_type_own,1,1,1,0
access_kennel_observation_type_update,kennel.observation.type update,model_kennel_observation_type,group_kennel_observation_type_update,1,1,0,0
access_kennel_observation_type_delete,kennel.observation.type delete,model_kennel_observation_type,group_kennel_observation_type_delete,1,0,0,1
access_kennel_observation_type_internal_read,kennel.observation.type internal read,model_kennel_observation_type,base.group_user,1,0,0,0
access_kennel_custom_diet_wizard,access_kennel_custom_diet_wizard,model_kennel_custom_diet_wizard,group_kennel_booking_update,1,1,1,1
access_kennel_resident_portal,access_kennel_resident_portal,model_kennel_resident,base.group_portal,1,0,0,0
access_kennel_booking_portal,access_kennel_booking_portal,model_kennel_booking,base.group_portal,1,0,0,0
access_portal_wizard_kennel_portal_user,access_portal_wizard_kennel_portal_user,portal.model_portal_wizard,group_kennel_portal_user,1,1,1,0
access_portal_wizard_user_kennel_portal_user,access_portal_wizard_user_kennel_portal_user,portal.model_portal_wizard_user,group_kennel_portal_user,1,1,1,0
